t,x,y
0.0,0.2771623364550171,0.03227018298777394
0.01,0.2775887425698029,0.038425769157405185
0.02,0.2765832055857065,0.04363689982593474
0.03,0.2741693003701666,0.05041608205488218
0.04,0.2703896916796573,0.0576940855350024
0.05,0.26530514513577713,0.06063454735664357
0.06,0.2589932570757514,0.06635174922887012
0.07,0.2515469052919203,0.07535276844086637
0.08,0.24307242812738464,0.07711861720166158
0.09,0.23368754902818345,0.08076942632567032
0.1,0.2235190774089903,0.08780615106753673
0.11,0.21270043386957815,0.08877322494804057
0.12,0.20136906679212274,0.09028623046501177
0.13,0.18966384552135854,0.09063627431895548
0.14,0.1777225292204518,0.09222468358733826
0.15,0.16567941641396455,0.09070348326743849
0.16,0.1536632751986899,0.08785166718449958
0.17,0.14179563690812416,0.08692917914689373
0.18,0.13018950794971498,0.08803366250869527
0.19,0.1189485194530892,0.0846178120708375
0.2,0.10816649790042032,0.07947600516504243
0.21,0.09792740802085256,0.07839912610218674
0.22,0.08830559665849302,0.07314365953506961
0.23,0.07936625547481124,0.07100542917517384
0.24,0.07116602099851049,0.06983537550654716
0.25,0.06375364033489275,0.05643466435544213
0.26,0.057170646281945216,0.05749101269286114
0.27,0.051452003033927475,0.05215019902138209
0.28,0.04662670007802022,0.046962934126095604
0.29,0.0427182852859988,0.044807760118207265
0.3,0.039745337538317625,0.03910706922128491
0.31,0.03772188422516932,0.03316716674630391
0.32,0.03665776984981133,0.027709205712463016
0.33,0.03655897912234338,0.02083688076641342
0.34,0.03742791182555511,0.018987724134165027
0.35000000000000003,0.03926359780067882,0.016616717759516262
0.36,0.04206182916008671,0.0054634601583605415
0.37,0.04581517410111025,0.0009142625874520509
0.38,0.050512823920989935,-5.669132918862448e-05
0.39,0.05614021452417889,-0.005233881584272904
0.4,0.06267835980130496,-0.01323028650303085
0.41000000000000003,0.07010284214599585,-0.012155758321186996
0.42,0.0783824312255374,-0.01729842794454535
0.43,0.08747735092506254,-0.022156854823926937
0.44,0.0973372866449814,-0.02377405072849
0.45,0.10789931291990257,-0.02703158233653591
0.46,0.11908600584363438,-0.024789383768661567
0.47000000000000003,0.1308040584592077,-0.02969678524364156
0.48,0.14294371240211368,-0.03253941574273251
0.49,0.15537924109661788,-0.03519093770016846
0.5,0.16797057835216525,-0.029382434850795294
0.51,0.18056601586561588,-0.029657328949042508
0.52,0.1930057407302284,-0.027884114398788497
0.53,0.2051258888251455,-0.023759109522486416
0.54,0.21676276820357415,-0.022157092385959046
0.55,0.22775694898208182,-0.016349757956660278
0.56,0.2379569970000421,-0.009920061017385545
0.5700000000000001,0.24722271899692885,-0.01118148547310279
0.58,0.2554278658234536,-0.0041716269940423965
0.59,0.2624622967280877,0.00589193617618454
0.6,0.2682336407960616,0.008875979122551687
0.61,0.27266850537950277,0.018718584246505854
0.62,0.2757132819342967,0.020637816335739263
0.63,0.2773345927473989,0.03257551961943373
0.64,0.27751941188796003,0.03727008042036683
0.65,0.2762748831557764,0.04463977713536794
0.66,0.2736278484798765,0.0509891682361367
0.67,0.26962409305110185,0.056100741026955
0.68,0.26432730899936235,0.06624547032731447
0.6900000000000001,0.2578177780736902,0.06609841668658274
0.7000000000000001,0.25019077597412803,0.07484021780871752
0.71,0.241554707125739,0.08128851913469026
0.72,0.23202898902926158,0.08332277478765517
0.73,0.22174171972609508,0.08198664682899415
0.74,0.21082717954076208,0.08807329627519671
0.75,0.1994232373299589,0.08795504986834946
0.76,0.18766874917735138,0.0910187464084764
0.77,0.17570105027550376,0.08551670268369135
0.78,0.16365364498656204,0.08940343467153694
0.79,0.15165419302042962,0.08798676510983815
0.8,0.1398228704820022,0.08712602085285043
0.81,0.1282711549606318,0.0835448853292087
0.8200000000000001,0.1171010480980854,0.08241438272616383
0.8300000000000001,0.10640471297184712,0.08248884241325222
0.84,0.09626447303011165,0.07615696960153301
0.85,0.08675309861806427,0.07697685988580096
0.86,0.07793429830369758,0.0710446517693299
0.87,0.069863334611275,0.06464757600189547
0.88,0.06258769477820067,0.05875882751007242
0.89,0.05614776316690215,0.05595177519180097
0.9,0.050577459412924436,0.050901491120688966
0.91,0.045904822418769586,0.050389786851553785
0.92,0.04215253306443695,0.043884820544846166
0.93,0.039338377115450275,0.03260057244012055
0.9400000000000001,0.03747565409987663,0.03295255934527527
0.9500000000000001,0.036573538150307644,0.02624973175230446
0.96,0.03663739338883771,0.02516104115038796
0.97,0.03766903981983652,0.019966408280295986
0.98,0.03966695633262329,0.009785714582302207
0.99,0.04262639585502134,0.0062975761655572685
1.0,0.046539374834176694,0.0018703618301754371
1.01,0.05139448665103197,-0.006021666948412717
1.02,0.057176479024430404,-0.008156764779244454
1.03,0.06386553311993853,-0.008464585790457944
1.04,0.07143619255472985,-0.016141225276990596
1.05,0.07985591992435068,-0.017505493147111233
1.06,0.08908331137131392,-0.02273813581248087
1.07,0.09906607542313986,-0.025039249002664233
1.08,0.10973897117892015,-0.025923790840708533
1.09,0.12102198232921375,-0.027503364379823245
1.1,0.132819049080084,-0.03016871774453727
1.11,0.14501766334726507,-0.03288191529296165
1.12,0.1574895425067965,-0.02700685708747387
1.1300000000000001,0.17009244770327722,-0.0301689699782559
1.1400000000000001,0.18267304206924215,-0.028411645230610943
1.1500000000000001,0.19507053916437425,-0.026708377858335748
1.16,0.20712080867235544,-0.023840358667601824
1.17,0.21866059668379584,-0.02094019400164043
1.18,0.2295315687785926,-0.018670471936095133
1.19,0.23958396842176038,-0.013540271175731727
1.2,0.24867977290810617,-0.00819855429079502
1.21,0.25669530456312845,-0.006598930545626786
1.22,0.26352330737063867,0.0030919609084688366
1.23,0.2690745286075272,0.01650068948416772
1.24,0.27327885617550174,0.02304957467459697
1.25,0.27608606126867696,0.025666623040676417
1.26,0.2774661882852411,0.031541062425108804
1.27,0.2774096235125161,0.03745640366876545
1.28,0.2759268636732254,0.047476838086672954
1.29,0.27304799641212596,0.04918486897680096
1.3,0.26882189805409534,0.05923915457962919
1.31,0.26331514998739364,0.06305879306824819
1.32,0.25661067423908124,0.07399015473934956
1.33,0.2488060916380982,0.07581842186974874
1.34,0.2400118127991315,0.08181731937292008
1.35,0.23034888321229927,0.08076690513328978
1.36,0.21994661875035798,0.08356505128151576
1.37,0.20894008592563246,0.08833195684497223
1.3800000000000001,0.19746750028834184,0.08488858604084434
1.3900000000000001,0.18566763350418308,0.09196923454171077
1.4000000000000001,0.17367733125726462,0.09203842938284593
1.41,0.16162924662616734,0.09046645423304356
1.42,0.14964988448062422,0.09161913240204393
1.43,0.13785803131641636,0.08911556790796844
1.44,0.12636361397779178,0.08458862438392592
1.45,0.11526699449132885,0.08270184342958892
1.46,0.10465867267277373,0.08117883294927913
1.47,0.09461933898349689,0.07984839705994773
1.48,0.08522020134792116,0.07008515321547248
1.49,0.07652350280980355,0.07087890738415327
1.5,0.06858315097612061,0.06045275702991245
1.51,0.06144539230949497,0.059606264931747296
1.52,0.0551494808239045,0.0546427631997227
1.53,0.04972830812269343,0.049823603223017245
1.54,0.045208977297764574,0.04493983464653639
1.55,0.0416133153108667,0.0408722774459302
1.56,0.0389583263580997,0.03744383045464913
1.57,0.037256592300761476,0.02918668699931628
1.58,0.03651662582618148,0.024739067378500235
1.59,0.036743178016131195,0.018248828676960566
1.6,0.03793749489284909,0.01409439388533398
1.61,0.0400975077361539,0.007848296211723477
1.62,0.043217930108124525,0.0045431223830954565
1.6300000000000001,0.04729022156966739,-0.0013055471185029538
1.6400000000000001,0.05230236578365771,-0.0014946021777848244
1.6500000000000001,0.058238402025720365,-0.008014948698522956
1.6600000000000001,0.06507764851427944,-0.010770016204409134
1.67,0.07279356921566621,-0.014544948636440323
1.68,0.0813522689348421,-0.01852560129177917
1.69,0.09071065847815135,-0.02104764464654285
1.7,0.100814410561852,-0.025368018632173202
1.71,0.11159591646583267,-0.02756720514647973
1.72,0.12297253090188424,-0.0300015640902015
1.73,0.13484542928174686,-0.031227936605589948
1.74,0.14709937269252826,-0.0288708997007712
1.75,0.15960357411971818,-0.029565093571229172
1.76,0.17221370344632705,-0.026830231330506243
1.77,0.18477489918022755,-0.026591831705264062
1.78,0.19712551823311986,-0.02425883050127518
1.79,0.2091012840930947,-0.025213092139472766
1.8,0.2205394956760217,-0.020506787195495625
1.81,0.23128301772510818,-0.015141239171165864
1.82,0.2411838606496812,-0.011135842756386627
1.83,0.25010624609688226,-0.0064322186489073375
1.84,0.2579291264840778,0.0009391285612006727
1.85,0.26454817512889783,0.00592787532717292
1.86,0.26987728954052037,0.014221649750335179
1.87,0.27384965907128467,0.017226227289115336
1.8800000000000001,0.27641844560550677,0.02807056528179536
1.8900000000000001,0.2775571175467525,0.029864153692887425
1.9000000000000001,0.2772594668295778,0.042599799330441494
1.9100000000000001,0.27553932839986717,0.04985155188511555
1.92,0.27243001293387437,0.05521057330417175
1.93,0.2679834572527927,0.06139408454726605
1.94,0.26226909341977495,0.06555313181569714
1.95,0.2553724372974841,0.07127847595532888
1.96,0.24739340082191044,0.07587741878342186
1.97,0.23844433978856752,0.08189351499692299
1.98,0.22864786070069953,0.08619486190212922
1.99,0.2181344258521703,0.08947489217929647
